,pi,u,d
0,0.7022900763358778,0.03155271826225518,-0.0386430810857169
