mu_hat,rf_hat,T_choice,w_star
0.010654732196828375,-0.002028515502069433,100.43131083473796,0.15993659906568533
