d,rf,u,no_arbitrage
-0.0386430810857169,-0.002028515502069433,0.03155271826225518,True
