alpha,r,g,n,tau,x_discrete,x_continuous,discrete_<_cont,pct_diff
0.5,0.04,0.01,40,20,0.0995947801087441,0.09723397115991098,True,-2.370414339240915
