mu1,mu2,sigma1,sigma2
0.011999999999999997,0.06999999999999998,0.10777754868245983,0.220454076850486
