rho,w1_GMV,w2_GMV,mu_GMV,s_GMV,w1_SR,w2_SR,mu_SR,s_SR,sharpe_ratio
0.5,1.007242,-0.007242,0.01158,0.107769,-0.350552,1.350552,0.090332,0.280757,0.32897
0.0,0.807094,0.192906,0.023189,0.096826,0.448996,0.551004,0.043958,0.130755,0.351701
