rho1,rho1_w1,rho1_w2,rho2,rho2_w1,rho2_w2
0.5,1.0072416063199472,-0.007241606319947191,0.0,0.8070944599442008,0.19290554005579919
