state,prob,S1,F0,payoff_long_forward
up,0.70229,103.155272,104.0,-0.844728
down,0.29771,96.135692,104.0,-7.864308
