S0,U,D,RF,q,valid_q,E_Q_S1,S0*(1+RF)
100.0,1.031553,0.961357,0.04,1.120339,False,104.0,104.0
